{"_timestamp":1.7442632946764624e+09,"_runtime":36.4521018,"_step":1,"server_eval_loss":2.306286705949436,"server_momentum":0,"_wandb":{"runtime":36},"server_cen_accuracy":0.1}