{"server_eval_loss":2.2613775044584425,"server_momentum":-0.005560947374794827,"_wandb":{"runtime":54},"server_cen_accuracy":0.1734,"_timestamp":1.7442640738325293e+09,"_runtime":54.4074059,"_step":3}