{"_step":1,"server_eval_loss":2.245704004178032,"_wandb":{"runtime":33},"server_momentum":-0.0061297879051476645,"server_cen_accuracy":0.1959,"_timestamp":1.7442282010590887e+09,"_runtime":33.3377782}